{
    "boards": {
        "board0 : rotate": [
            0.0,
            0.0,
            0.0
        ],
        "board0 : scale": [
            2.0,
            2.0,
            2.0
        ],
        "board0 : translate": [
            1.0,
            -2.299999952316284,
            -25.100000381469727
        ],
        "board1 : rotate": [
            0.0,
            0.0,
            0.0
        ],
        "board1 : scale": [
            2.0,
            2.0,
            2.0
        ],
        "board1 : translate": [
            4.199999809265137,
            -2.200000047683716,
            24.299999237060547
        ],
        "board2 : rotate": [
            0.0,
            0.0,
            0.0
        ],
        "board2 : scale": [
            2.0,
            2.0,
            2.0
        ],
        "board2 : translate": [
            -4.199999809265137,
            -12.199999809265137,
            -23.799999237060547
        ],
        "board3 : rotate": [
            0.0,
            0.0,
            0.0
        ],
        "board3 : scale": [
            2.0,
            2.0,
            2.0
        ],
        "board3 : translate": [
            4.0,
            -22.700000762939453,
            23.5
        ],
        "boardNum": 4
    }
}
