{
    "boards": {
        "board0 : rotate": [
            0.0,
            0.0,
            0.0
        ],
        "board0 : scale": [
            2.0,
            2.0,
            2.0
        ],
        "board0 : translate": [
            0.0,
            0.0,
            15.300000190734863
        ],
        "board1 : rotate": [
            0.0,
            3.299999952316284,
            3.5
        ],
        "board1 : scale": [
            5.800000190734863,
            4.900000095367432,
            2.200000047683716
        ],
        "board1 : translate": [
            -0.4000000059604645,
            4.699999809265137,
            -12.699999809265137
        ],
        "boardNum": 2
    }
}
