{
    "FollowCamera": {
        "distance": -10.100000381469727,
        "height": 1.600000023841858,
        "rotateX": 0.18000000715255737
    }
}
